"CN","SPCD","common","diameter","height"
499582097126144,316,"red maple",8.7,63
499582102126144,316,"red maple",9.3,40
499582103126144,316,"red maple",8.5,61
499582106126144,316,"red maple",5.4,47
499582109126144,316,"red maple",8,64
499582111126144,375,"paper birch",9.7,66
499582113126144,375,"paper birch",10,63
499582114126144,318,"sugar maple",10.8,53
499582118126144,375,"paper birch",9,67
499582126126144,316,"red maple",7,41
499582128126144,375,"paper birch",9,63
499582137126144,316,"red maple",6.8,51
499582143126144,316,"red maple",5.3,33
499582144126144,316,"red maple",10.4,60
499582145126144,316,"red maple",8.8,51
499582147126144,746,"quaking aspen",14.3,72
499582152126144,746,"quaking aspen",13.5,71
499582153126144,316,"red maple",2.5,32
499582154126144,746,"quaking aspen",2.5,24
499596344126144,12,"balsam fir",8.8,51
499596348126144,375,"paper birch",6.3,33
499596349126144,12,"balsam fir",1.9,14
499596350126144,12,"balsam fir",5.6,31
499596351126144,746,"quaking aspen",7.4,55
499596352126144,12,"balsam fir",9.7,58
499596353126144,746,"quaking aspen",7,54
499596354126144,12,"balsam fir",6.1,46
499596357126144,95,"black spruce",10.7,58
499596359126144,746,"quaking aspen",8.2,55
499596360126144,746,"quaking aspen",4.4,44
499596361126144,12,"balsam fir",5,38
499596362126144,746,"quaking aspen",7.1,55
499596363126144,746,"quaking aspen",6.1,51
499596364126144,746,"quaking aspen",6.5,52
499596365126144,12,"balsam fir",2.3,18
499596366126144,746,"quaking aspen",5.5,49
499596367126144,746,"quaking aspen",5.6,53
499596368126144,746,"quaking aspen",5.1,43
499596369126144,12,"balsam fir",12,55
499596370126144,95,"black spruce",9.7,53
499596373126144,71,"tamarack (native)",11.7,67
499596374126144,71,"tamarack (native)",9.6,63
499596376126144,95,"black spruce",3.2,23
499596377126144,95,"black spruce",7.5,48
499596378126144,95,"black spruce",6.4,46
499596380126144,71,"tamarack (native)",5.1,42
499596381126144,71,"tamarack (native)",5.4,39
499596382126144,375,"paper birch",1.4,23
499596383126144,375,"paper birch",1.2,22
499596384126144,935,"American mountain-ash",1.1,17
499596385126144,95,"black spruce",7.2,48
499596386126144,95,"black spruce",8.2,40
499596387126144,71,"tamarack (native)",20.8,75
499596388126144,95,"black spruce",9.3,42
499596389126144,95,"black spruce",6.2,43
499596390126144,95,"black spruce",3.4,37
499596394126144,95,"black spruce",4.2,40
499596395126144,94,"white spruce",6.2,31
499596396126144,12,"balsam fir",1,8
499596397126144,71,"tamarack (native)",5,50
499566025126144,241,"northern white-cedar",16,53
499566032126144,12,"balsam fir",5.7,32
499566035126144,94,"white spruce",7.9,44
499566036126144,94,"white spruce",9.1,42
499566037126144,94,"white spruce",8.2,30
499566039126144,746,"quaking aspen",2.5,26
499566040126144,746,"quaking aspen",2.2,26
499566041126144,94,"white spruce",7.5,38
499566042126144,746,"quaking aspen",2.1,24
499566043126144,746,"quaking aspen",1.3,17
499566044126144,746,"quaking aspen",1.2,16
499566045126144,746,"quaking aspen",1.2,18
499566046126144,746,"quaking aspen",1,20
499566050126144,94,"white spruce",18,65
499566053126144,371,"yellow birch",17.5,60
499566057126144,12,"balsam fir",5,29
499566060126144,241,"northern white-cedar",17.9,53
499566062126144,241,"northern white-cedar",14.7,45
499566063126144,241,"northern white-cedar",13.4,54
499566064126144,241,"northern white-cedar",17.7,48
499566065126144,241,"northern white-cedar",15.2,53
499566066126144,241,"northern white-cedar",14.7,50
499566069126144,12,"balsam fir",5.3,36
499577338126144,94,"white spruce",9.2,36
499577339126144,94,"white spruce",10.1,47
499577341126144,543,"black ash",2.1,22
499577342126144,94,"white spruce",6,34
499577343126144,94,"white spruce",5.7,32
499577345126144,543,"black ash",8,43
499577346126144,543,"black ash",9.5,46
499577350126144,935,"American mountain-ash",3.9,25
499577352126144,935,"American mountain-ash",1.8,21
499577353126144,543,"black ash",5.8,40
499577354126144,935,"American mountain-ash",1.8,23
499577355126144,935,"American mountain-ash",2.1,22
499577357126144,761,"pin cherry",2.1,19
499577358126144,94,"white spruce",9.4,34
499577359126144,543,"black ash",2,22
499577360126144,94,"white spruce",7.3,36
499577361126144,543,"black ash",1.8,21
499577362126144,543,"black ash",2.3,22
499577363126144,543,"black ash",1.8,22
499577364126144,94,"white spruce",6,33
499577365126144,543,"black ash",1,16
499577366126144,543,"black ash",1,18
499577367126144,375,"paper birch",6.3,36
499577370126144,375,"paper birch",5.9,28
499577371126144,543,"black ash",7,35
499577372126144,921,"peachleaf willow",2.4,19
499577373126144,921,"peachleaf willow",3,23
499577374126144,921,"peachleaf willow",3.1,26
499577375126144,921,"peachleaf willow",3.4,26
499577376126144,94,"white spruce",6,30
499577377126144,94,"white spruce",7.6,39
499577378126144,94,"white spruce",5.3,31
499577379126144,921,"peachleaf willow",2.3,27
499577380126144,921,"peachleaf willow",4,27
499577381126144,543,"black ash",1.3,18
499577424126144,241,"northern white-cedar",13.9,47
499577425126144,375,"paper birch",9.8,52
499577426126144,241,"northern white-cedar",13.6,54
499577427126144,12,"balsam fir",2.4,18
499577428126144,375,"paper birch",6.9,48
499577429126144,12,"balsam fir",3.2,23
499577430126144,12,"balsam fir",2.8,24
499577431126144,12,"balsam fir",2.6,21
499577432126144,12,"balsam fir",2.5,22
499577433126144,12,"balsam fir",2.1,21
499577434126144,12,"balsam fir",6.3,41
499577435126144,375,"paper birch",5.7,45
499577436126144,12,"balsam fir",6.3,29
499577437126144,12,"balsam fir",1.3,10
499577438126144,12,"balsam fir",1.4,18
499577439126144,12,"balsam fir",1.2,16
499577440126144,94,"white spruce",1.5,18
499577441126144,12,"balsam fir",5.2,39
499577442126144,12,"balsam fir",7.8,55
499577443126144,375,"paper birch",11.2,56
499577444126144,241,"northern white-cedar",8.4,40
499577445126144,241,"northern white-cedar",11.1,50
499577446126144,241,"northern white-cedar",10.7,48
499577447126144,241,"northern white-cedar",8.3,41
499577448126144,241,"northern white-cedar",12.7,52
499577449126144,241,"northern white-cedar",12.4,47
499577450126144,241,"northern white-cedar",9,46
499577451126144,241,"northern white-cedar",12,48
499577452126144,241,"northern white-cedar",15.2,51
499577453126144,241,"northern white-cedar",7.8,45
499577454126144,12,"balsam fir",3.7,21
499577455126144,12,"balsam fir",6.3,38
499577456126144,12,"balsam fir",2,17
499577457126144,12,"balsam fir",1.9,15
499577458126144,12,"balsam fir",1.6,15
499577459126144,12,"balsam fir",1.2,13
499577460126144,12,"balsam fir",1.4,15
499577462126144,241,"northern white-cedar",15.6,51
499577463126144,241,"northern white-cedar",5.6,20
499577465126144,241,"northern white-cedar",11.2,42
499577466126144,241,"northern white-cedar",16.3,46
499577467126144,241,"northern white-cedar",12.2,40
499577469126144,12,"balsam fir",2.2,17
499577470126144,12,"balsam fir",1.5,14
499577473126144,241,"northern white-cedar",10.1,40
499577474126144,241,"northern white-cedar",9.4,37
499577476126144,241,"northern white-cedar",7.4,35
499577477126144,241,"northern white-cedar",6.2,38
499577479126144,241,"northern white-cedar",9.9,40
499577480126144,241,"northern white-cedar",11.1,43
499577482126144,241,"northern white-cedar",12.1,45
499577483126144,241,"northern white-cedar",8.5,35
499577484126144,241,"northern white-cedar",13.4,44
499577488126144,12,"balsam fir",5,46
499577489126144,12,"balsam fir",1.3,11
499616241126144,95,"black spruce",9.8,58
499616242126144,95,"black spruce",6.8,50
499616243126144,95,"black spruce",5.4,33
499616244126144,71,"tamarack (native)",2.2,20
499616245126144,95,"black spruce",6.8,48
499616246126144,95,"black spruce",8.1,47
499616247126144,95,"black spruce",7,55
499616248126144,95,"black spruce",9,68
499616249126144,95,"black spruce",9,67
499616250126144,95,"black spruce",1.9,16
499616251126144,95,"black spruce",1,10
499616252126144,375,"paper birch",1.1,11
499616253126144,95,"black spruce",8.6,59
499616254126144,95,"black spruce",7.4,46
499616255126144,95,"black spruce",8.8,63
499616256126144,71,"tamarack (native)",13.5,73
499616257126144,95,"black spruce",6.9,46
499616258126144,71,"tamarack (native)",17.7,86
499616260126144,95,"black spruce",10.5,74
499616261126144,95,"black spruce",7.4,52
499616262126144,12,"balsam fir",4,27
499616264126144,71,"tamarack (native)",1.6,20
499616265126144,95,"black spruce",1.2,12
499616266126144,12,"balsam fir",5.8,32
499616267126144,12,"balsam fir",5.2,28
499581530126144,375,"paper birch",6.5,54
499581532126144,375,"paper birch",6,53
499581533126144,746,"quaking aspen",8.7,58
499581536126144,375,"paper birch",5.9,52
499581537126144,375,"paper birch",9.3,57
499581538126144,375,"paper birch",6.4,54
499581539126144,375,"paper birch",9.9,60
499581541126144,95,"black spruce",6.7,49
499581542126144,95,"black spruce",7.8,48
499581543126144,746,"quaking aspen",9.6,58
499581544126144,746,"quaking aspen",7.5,56
499581545126144,375,"paper birch",5.3,43
499581546126144,12,"balsam fir",3.2,24
499581547126144,12,"balsam fir",1.6,11
499581548126144,12,"balsam fir",1.5,14
499581549126144,12,"balsam fir",2.2,16
499581550126144,95,"black spruce",6.6,39
499581551126144,95,"black spruce",1.6,13
499581552126144,12,"balsam fir",1,9
499581553126144,95,"black spruce",7.6,36
499581555126144,746,"quaking aspen",6.9,54
499581556126144,375,"paper birch",7.1,58
499581559126144,375,"paper birch",6.5,56
499581560126144,129,"eastern white pine",21.9,80
499581561126144,129,"eastern white pine",15.1,68
499581562126144,129,"eastern white pine",9.7,65
499581563126144,12,"balsam fir",1.7,14
499581564126144,12,"balsam fir",1.4,13
499581565126144,375,"paper birch",4.2,33
499581566126144,375,"paper birch",2.9,25
499581567126144,12,"balsam fir",4.1,30
499581568126144,12,"balsam fir",1.4,13
499581569126144,375,"paper birch",5,50
499581570126144,746,"quaking aspen",8.4,61
499581571126144,375,"paper birch",5.7,54
499581572126144,375,"paper birch",6.9,55
499581574126144,746,"quaking aspen",11.4,67
499581575126144,375,"paper birch",8.1,58
499581576126144,746,"quaking aspen",10.9,66
499581577126144,241,"northern white-cedar",9.8,42
499581578126144,375,"paper birch",9.7,57
499581579126144,746,"quaking aspen",9.2,58
499581580126144,375,"paper birch",6.4,52
499581582126144,12,"balsam fir",2.1,16
499581583126144,12,"balsam fir",5.6,34
499581584126144,12,"balsam fir",1.7,15
499581585126144,12,"balsam fir",5.4,41
499581586126144,12,"balsam fir",1,10
499595836126144,95,"black spruce",7.2,54
499595837126144,95,"black spruce",8.8,64
499595843126144,95,"black spruce",6.6,57
499595846126144,95,"black spruce",5.5,48
499595847126144,95,"black spruce",7.3,58
499595848126144,95,"black spruce",8.2,61
499595849126144,95,"black spruce",7.1,62
499595850126144,95,"black spruce",5.1,46
499595851126144,95,"black spruce",5.5,45
499595852126144,95,"black spruce",6.3,45
499595853126144,95,"black spruce",6.2,49
499595854126144,95,"black spruce",5.2,44
499595855126144,95,"black spruce",5.2,43
499595856126144,95,"black spruce",5.2,43
499595857126144,95,"black spruce",5.1,42
499595858126144,12,"balsam fir",7.3,48
499595859126144,746,"quaking aspen",10.3,59
499595860126144,95,"black spruce",5.4,34
499595861126144,95,"black spruce",3.5,26
499595862126144,95,"black spruce",2.5,21
499595863126144,12,"balsam fir",5.7,43
499595864126144,95,"black spruce",5.7,50
499595865126144,95,"black spruce",7.7,52
499595866126144,95,"black spruce",6.8,53
499595867126144,95,"black spruce",6.5,51
499595869126144,95,"black spruce",7.3,53
499595870126144,71,"tamarack (native)",6.5,45
499595871126144,95,"black spruce",6,52
499595872126144,95,"black spruce",5.7,49
499595873126144,95,"black spruce",5.3,45
499595874126144,95,"black spruce",6.6,51
499595875126144,95,"black spruce",5.1,49
499595876126144,95,"black spruce",5.4,49
499595877126144,95,"black spruce",7.4,53
499595878126144,95,"black spruce",4.4,31
499595879126144,95,"black spruce",3.3,18
499595880126144,95,"black spruce",5.1,48
499591625126144,241,"northern white-cedar",18,53
499591626126144,241,"northern white-cedar",7.3,37
499591627126144,241,"northern white-cedar",9.9,34
499591628126144,241,"northern white-cedar",11.5,42
499591629126144,95,"black spruce",10.3,49
499591630126144,241,"northern white-cedar",8.5,38
499591631126144,12,"balsam fir",7.8,48
499591633126144,241,"northern white-cedar",15.5,46
499591634126144,375,"paper birch",11.6,56
499591635126144,319,"mountain maple",2.5,32
499591637126144,241,"northern white-cedar",6.2,34
499591638126144,375,"paper birch",11.6,37
499591639126144,95,"black spruce",9.6,49
499591640126144,95,"black spruce",13,70
499591641126144,375,"paper birch",18.9,48
499591642126144,319,"mountain maple",2.3,13
499591643126144,319,"mountain maple",3.5,24
499591644126144,12,"balsam fir",6.5,43
499591645126144,12,"balsam fir",6.5,37
499591646126144,241,"northern white-cedar",13,41
499591647126144,241,"northern white-cedar",15.3,43
499591648126144,241,"northern white-cedar",16.6,43
499591649126144,241,"northern white-cedar",15.4,51
499591651126144,935,"American mountain-ash",7.4,49
499591652126144,241,"northern white-cedar",8.2,37
499591653126144,241,"northern white-cedar",8,38
499591654126144,375,"paper birch",8,52
499591655126144,375,"paper birch",7.7,43
499591656126144,375,"paper birch",14.9,66
499591657126144,12,"balsam fir",6.5,51
499580855126144,746,"quaking aspen",9.9,63
499580857126144,761,"pin cherry",2.1,31
499580858126144,761,"pin cherry",2.1,32
499580859126144,319,"mountain maple",1.4,17
499580862126144,375,"paper birch",6.4,46
499580864126144,375,"paper birch",5.5,41
499580865126144,375,"paper birch",5,39
499580866126144,746,"quaking aspen",8.6,60
499580867126144,746,"quaking aspen",9.3,65
499580868126144,746,"quaking aspen",7,59
499580869126144,319,"mountain maple",1.7,19
499580870126144,746,"quaking aspen",7.1,54
499580871126144,746,"quaking aspen",5.9,58
499580872126144,746,"quaking aspen",7.8,56
499580874126144,746,"quaking aspen",7.4,59
499580875126144,746,"quaking aspen",8.5,63
499580876126144,746,"quaking aspen",8.7,65
499580877126144,746,"quaking aspen",7.9,63
499580878126144,319,"mountain maple",1.2,16
499580879126144,319,"mountain maple",1.1,17
499580881126144,746,"quaking aspen",6.1,51
499580882126144,746,"quaking aspen",6.8,60
499580883126144,746,"quaking aspen",5.9,57
499580884126144,746,"quaking aspen",5,53
499580885126144,746,"quaking aspen",5.2,56
499580886126144,746,"quaking aspen",1,16
499580887126144,12,"balsam fir",7.2,45
499580888126144,12,"balsam fir",11,63
499580889126144,375,"paper birch",8.3,51
499580890126144,375,"paper birch",8.5,51
499580892126144,95,"black spruce",7.7,41
499580895126144,12,"balsam fir",10.1,52
499580897126144,12,"balsam fir",2.1,25
499580898126144,12,"balsam fir",3.2,31
499580899126144,12,"balsam fir",2.6,29
499580900126144,12,"balsam fir",1.3,19
499580902126144,12,"balsam fir",7.7,52
499580903126144,12,"balsam fir",5.9,46
499580904126144,12,"balsam fir",6.6,51
499580905126144,12,"balsam fir",7.8,51
499580906126144,12,"balsam fir",7.2,48
499580907126144,12,"balsam fir",6.1,49
499580908126144,12,"balsam fir",5.8,48
499580909126144,746,"quaking aspen",7.2,46
499580910126144,12,"balsam fir",5.3,47
499580911126144,12,"balsam fir",5.3,48
499580913126144,319,"mountain maple",1.4,22
499580914126144,935,"American mountain-ash",3.3,35
499580915126144,319,"mountain maple",1.7,21
499580917126144,746,"quaking aspen",9,57
499580918126144,746,"quaking aspen",6.6,58
499580920126144,746,"quaking aspen",6.6,61
499580921126144,746,"quaking aspen",7.2,59
499580922126144,746,"quaking aspen",6.4,57
499580923126144,746,"quaking aspen",5.4,54
499580924126144,746,"quaking aspen",6.1,56
499580925126144,746,"quaking aspen",6,57
499580926126144,746,"quaking aspen",5.2,53
499580928126144,746,"quaking aspen",5.4,53
499580927126144,746,"quaking aspen",5.1,56
499615990126144,95,"black spruce",10,51
499615991126144,375,"paper birch",8.3,45
499615992126144,375,"paper birch",17.9,53
499615993126144,12,"balsam fir",9.4,45
499615995126144,12,"balsam fir",6,38
499615996126144,316,"red maple",4.3,43
499615997126144,316,"red maple",6.2,44
499615999126144,95,"black spruce",1.4,9
499616000126144,316,"red maple",1.6,22
499616001126144,375,"paper birch",5.3,44
499616002126144,12,"balsam fir",7,38
499616004126144,316,"red maple",7.7,52
499616005126144,316,"red maple",7.3,42
499616006126144,746,"quaking aspen",15.6,69
499616007126144,316,"red maple",7.6,33
499616011126144,316,"red maple",6.7,33
499616013126144,316,"red maple",12.2,48
499616014126144,95,"black spruce",6.4,41
499616015126144,316,"red maple",6,40
499616016126144,12,"balsam fir",1.4,12
499616017126144,12,"balsam fir",1,7
499616018126144,371,"yellow birch",11,48
499616019126144,375,"paper birch",5.2,27
499616020126144,95,"black spruce",11,64
499616021126144,95,"black spruce",11,63
499616022126144,95,"black spruce",6.4,59
499616023126144,375,"paper birch",13.9,64
499616024126144,371,"yellow birch",5.9,42
499616025126144,371,"yellow birch",6.4,50
499616026126144,375,"paper birch",5.3,39
499616027126144,316,"red maple",1.4,23
499616028126144,94,"white spruce",5,30
499616029126144,375,"paper birch",8.8,52
499616031126144,95,"black spruce",8.1,50
499616032126144,375,"paper birch",7.1,50
499616033126144,375,"paper birch",6.1,43
499616034126144,94,"white spruce",2,26
499616035126144,94,"white spruce",1.4,21
499616036126144,94,"white spruce",7,48
499616040126144,12,"balsam fir",1.6,18
499616041126144,94,"white spruce",5.6,47
499616042126144,95,"black spruce",7.4,49
499616045126144,12,"balsam fir",2,22
499616047126144,95,"black spruce",6.5,47
499616049126144,375,"paper birch",4.9,34
499616050126144,319,"mountain maple",1.9,25
499616052126144,94,"white spruce",5.1,41
499616053126144,94,"white spruce",5.6,40
499616054126144,12,"balsam fir",5.4,43
499616055126144,95,"black spruce",6.1,46
499580771126144,746,"quaking aspen",12.6,71
499580773126144,95,"black spruce",10,51
499580774126144,746,"quaking aspen",11.9,70
499580776126144,746,"quaking aspen",15.3,74
499580777126144,746,"quaking aspen",13.6,69
499580778126144,12,"balsam fir",2.1,17
499580779126144,12,"balsam fir",5.5,39
499580780126144,12,"balsam fir",1,9
499580781126144,12,"balsam fir",1.2,10
499580782126144,12,"balsam fir",1.7,15
499580783126144,746,"quaking aspen",1.1,17
499580785126144,12,"balsam fir",1,8
499580786126144,95,"black spruce",8.7,55
499580784126144,95,"black spruce",9.3,55
499580788126144,95,"black spruce",9.1,51
499580789126144,95,"black spruce",7.3,49
499580790126144,921,"peachleaf willow",4.3,23
499580791126144,921,"peachleaf willow",7.4,28
499580792126144,921,"peachleaf willow",7.1,28
499580793126144,921,"peachleaf willow",1.4,22
499580796126144,746,"quaking aspen",14.9,80
499580798126144,95,"black spruce",7.9,48
499580800126144,12,"balsam fir",1,9
499580801126144,746,"quaking aspen",17,84
499580804126144,95,"black spruce",10.8,48
499580805126144,12,"balsam fir",10.9,52
499580806126144,746,"quaking aspen",22.8,82
499581644126144,375,"paper birch",12.5,38
499581645126144,241,"northern white-cedar",12.6,41
499581646126144,241,"northern white-cedar",14.5,36
499581647126144,935,"American mountain-ash",5.1,32
499581650126144,241,"northern white-cedar",9.5,34
499581651126144,241,"northern white-cedar",14.6,40
499581653126144,241,"northern white-cedar",11.9,33
499581654126144,241,"northern white-cedar",12.1,41
499581655126144,241,"northern white-cedar",8.5,35
499581657126144,319,"mountain maple",1.2,16
499581658126144,241,"northern white-cedar",5,29
499581659126144,12,"balsam fir",5.2,35
499581660126144,319,"mountain maple",1.2,14
499581661126144,319,"mountain maple",1.2,16
499581662126144,319,"mountain maple",1,15
499581663126144,12,"balsam fir",9,41
499581665126144,12,"balsam fir",4.8,33
499581666126144,12,"balsam fir",5.8,35
499581667126144,12,"balsam fir",5.5,37
499581668126144,318,"sugar maple",9.1,42
499581669126144,319,"mountain maple",1.5,18
499581670126144,319,"mountain maple",1.2,18
499581672126144,319,"mountain maple",1.5,19
499581674126144,319,"mountain maple",1.3,19
499581675126144,12,"balsam fir",6.1,36
499581676126144,12,"balsam fir",6.4,34
499581677126144,12,"balsam fir",6,33
499581678126144,319,"mountain maple",1.1,18
499622527126144,318,"sugar maple",15.5,68
499622528126144,94,"white spruce",15.8,75
499622529126144,94,"white spruce",8.9,50
499622535126144,318,"sugar maple",5.9,42
499622536126144,318,"sugar maple",5.7,48
499622537126144,318,"sugar maple",12.2,64
499622538126144,318,"sugar maple",8.8,66
499622539126144,318,"sugar maple",18.7,66
499622540126144,318,"sugar maple",10.8,46
499622541126144,318,"sugar maple",8,51
499622544126144,318,"sugar maple",6.3,47
499622546126144,318,"sugar maple",5.1,42
499622548126144,318,"sugar maple",1,13
499622549126144,318,"sugar maple",8.3,61
499622550126144,318,"sugar maple",9.5,63
499622551126144,318,"sugar maple",7.5,55
499622552126144,318,"sugar maple",10.8,63
499622553126144,318,"sugar maple",10.2,61
499622554126144,318,"sugar maple",11.1,75
499622555126144,318,"sugar maple",8,45
499622556126144,318,"sugar maple",12.9,75
499622558126144,318,"sugar maple",1.3,20
499622559126144,318,"sugar maple",1,17
499622565126144,318,"sugar maple",10.7,55
499622566126144,318,"sugar maple",7.3,54
499622567126144,318,"sugar maple",7.3,57
499622570126144,318,"sugar maple",3.1,35
499622571126144,318,"sugar maple",5.8,45
499622574126144,318,"sugar maple",1.2,11
499622572126144,318,"sugar maple",5.9,47
499622573126144,318,"sugar maple",5.8,44
499609604126144,12,"balsam fir",1.8,15
499609605126144,12,"balsam fir",4.9,32
499609606126144,12,"balsam fir",4.6,31
499609607126144,12,"balsam fir",1.6,13
499609609126144,12,"balsam fir",5.6,32
499609610126144,125,"red pine",18.9,75
499609613126144,95,"black spruce",6.6,38
499609614126144,94,"white spruce",1.5,17
499609615126144,12,"balsam fir",1.9,19
499609616126144,94,"white spruce",6.7,37
499609617126144,12,"balsam fir",1,11
499609619126144,12,"balsam fir",5.3,35
499609620126144,12,"balsam fir",5,35
499609621126144,94,"white spruce",6.1,38
499609622126144,95,"black spruce",1.2,13
499609623126144,12,"balsam fir",5,38
499609626126144,12,"balsam fir",6.7,37
499609628126144,12,"balsam fir",3.1,26
499609629126144,12,"balsam fir",6,33
499609630126144,12,"balsam fir",5.8,36
499609631126144,12,"balsam fir",1.6,14
499609632126144,12,"balsam fir",1.3,13
499609633126144,935,"American mountain-ash",1.5,21
499609634126144,12,"balsam fir",5.2,36
499609638126144,241,"northern white-cedar",11.4,44
499609640126144,241,"northern white-cedar",12.9,46
499609641126144,12,"balsam fir",2.2,21
499609642126144,12,"balsam fir",3.6,27
499609643126144,12,"balsam fir",3.7,28
499609644126144,12,"balsam fir",2,20
499609645126144,94,"white spruce",4.3,31
499609647126144,12,"balsam fir",1.9,14
499609648126144,12,"balsam fir",5.1,33
499609649126144,241,"northern white-cedar",6.5,40
499609650126144,12,"balsam fir",1.2,12
499609651126144,241,"northern white-cedar",14.5,33
499609652126144,241,"northern white-cedar",8.5,35
499609653126144,241,"northern white-cedar",9.8,48
499609654126144,241,"northern white-cedar",12.1,42
499609655126144,241,"northern white-cedar",13.2,42
499609656126144,241,"northern white-cedar",6.7,35
499609657126144,241,"northern white-cedar",15.1,45
499609659126144,375,"paper birch",6.1,32
499609660126144,12,"balsam fir",1.8,16
499609661126144,12,"balsam fir",1.8,15
499609662126144,12,"balsam fir",1.8,17
499609663126144,12,"balsam fir",2.6,22
499609664126144,12,"balsam fir",1.7,17
499609665126144,12,"balsam fir",1.8,18
499609702126144,746,"quaking aspen",5.2,47
499609844126144,746,"quaking aspen",14.3,85
499609845126144,746,"quaking aspen",12.2,79
499609846126144,12,"balsam fir",8.2,43
499609848126144,375,"paper birch",10.8,69
499609855126144,746,"quaking aspen",10.7,82
499609857126144,12,"balsam fir",6.6,47
499609859126144,12,"balsam fir",1,7
499609860126144,12,"balsam fir",7.8,46
499609861126144,375,"paper birch",7.7,63
499609862126144,746,"quaking aspen",8,64
499609863126144,12,"balsam fir",8,43
499609866126144,746,"quaking aspen",17.4,84
499609868126144,746,"quaking aspen",14.1,79
499609880126144,12,"balsam fir",2.5,18
499609883126144,12,"balsam fir",1.2,9
499609884126144,12,"balsam fir",1.2,10
499609885126144,12,"balsam fir",1.2,11
499609886126144,12,"balsam fir",1.4,12
499609887126144,746,"quaking aspen",10.8,81
499609893126144,375,"paper birch",6.8,59
499609894126144,375,"paper birch",5.8,60
499609896126144,746,"quaking aspen",11,74
499609897126144,12,"balsam fir",8.8,54
499609901126144,12,"balsam fir",10.6,58
499609902126144,375,"paper birch",4.9,57
499609903126144,746,"quaking aspen",17.9,87
499609900126144,375,"paper birch",9.7,69
499609906126144,746,"quaking aspen",14.3,84
499609908126144,746,"quaking aspen",20,85
499609909126144,746,"quaking aspen",11.7,86
499610035126144,105,"jack pine",4.8,26
499610036126144,375,"paper birch",2.1,25
499610038126144,375,"paper birch",2.5,26
499610040126144,375,"paper birch",2.3,25
499610041126144,375,"paper birch",1.5,17
499610042126144,375,"paper birch",1.1,16
499610043126144,375,"paper birch",1.1,14
499610044126144,375,"paper birch",1.8,23
499610047126144,105,"jack pine",5.2,31
499610048126144,746,"quaking aspen",3,35
499610049126144,746,"quaking aspen",2.3,26
499610050126144,746,"quaking aspen",1.2,14
499610051126144,375,"paper birch",1.8,20
499610052126144,375,"paper birch",1.6,20
499610053126144,375,"paper birch",1.1,15
499610054126144,375,"paper birch",1.1,17
499610055126144,746,"quaking aspen",5,34
499610056126144,375,"paper birch",1,16
499610059126144,105,"jack pine",5.5,28
499610060126144,746,"quaking aspen",1.7,19
499610062126144,746,"quaking aspen",1.7,19
499610064126144,746,"quaking aspen",1.6,16
499610065126144,746,"quaking aspen",2.9,25
499610069126144,746,"quaking aspen",1.3,15
499610070126144,105,"jack pine",1.4,15
499610073126144,746,"quaking aspen",2,19
499610074126144,746,"quaking aspen",1.8,19
499610075126144,746,"quaking aspen",2.3,23
499610076126144,746,"quaking aspen",3.7,30
499610078126144,375,"paper birch",5.3,40
499610079126144,746,"quaking aspen",5.1,33
499610077126144,746,"quaking aspen",1.1,8
499610081126144,375,"paper birch",1.4,16
499610082126144,375,"paper birch",1.3,17
499610123126144,375,"paper birch",10.3,57
499610125126144,375,"paper birch",8.8,58
499610126126144,375,"paper birch",8.6,57
499610127126144,375,"paper birch",7.7,57
499610128126144,375,"paper birch",7.4,58
499610129126144,375,"paper birch",7.4,55
499610130126144,129,"eastern white pine",11,46
499610135126144,375,"paper birch",7.6,58
499610136126144,375,"paper birch",7.8,58
499610137126144,12,"balsam fir",3.8,34
499610139126144,12,"balsam fir",1.8,12
499610140126144,12,"balsam fir",1,10
499610142126144,129,"eastern white pine",5,37
499610143126144,375,"paper birch",6.6,56
499610144126144,375,"paper birch",6.3,56
499610147126144,375,"paper birch",8.8,56
499610151126144,375,"paper birch",7.3,56
499610152126144,375,"paper birch",12.2,58
499610153126144,375,"paper birch",6.7,55
499610154126144,375,"paper birch",8.9,57
499610155126144,375,"paper birch",6.7,57
499610156126144,375,"paper birch",11,59
499610157126144,375,"paper birch",9.1,59
499610158126144,375,"paper birch",8.8,58
499610159126144,12,"balsam fir",3,20
499610160126144,316,"red maple",5.6,43
499610161126144,12,"balsam fir",5,32
499610162126144,12,"balsam fir",2.2,16
499610163126144,316,"red maple",5.4,45
499610164126144,316,"red maple",5.8,43
499610165126144,129,"eastern white pine",1.5,17
499610166126144,12,"balsam fir",1,11
499610167126144,375,"paper birch",10.7,62
499610168126144,375,"paper birch",6.6,60
499610169126144,375,"paper birch",10.1,62
499610171126144,375,"paper birch",5.8,59
499610172126144,375,"paper birch",10.2,62
499610174126144,375,"paper birch",9.6,61
499610175126144,746,"quaking aspen",13.3,71
499610176126144,375,"paper birch",6.3,56
499610177126144,375,"paper birch",5.7,57
499610179126144,375,"paper birch",6.9,56
499610181126144,375,"paper birch",7.1,60
499610182126144,375,"paper birch",5.5,54
499610180126144,375,"paper birch",6.9,56
499610184126144,375,"paper birch",5.7,43
499610185126144,12,"balsam fir",2.6,18
499610186126144,12,"balsam fir",1.9,16
499610187126144,12,"balsam fir",2.4,23
499610189126144,12,"balsam fir",2.6,20
499610190126144,319,"mountain maple",1,15
499610192126144,375,"paper birch",11.2,62
499610193126144,375,"paper birch",10,63
499610194126144,375,"paper birch",11.7,62
499610198126144,375,"paper birch",8.1,59
499610202126144,375,"paper birch",11.1,61
499610203126144,316,"red maple",3.5,35
499610205126144,12,"balsam fir",2.2,16
499610206126144,12,"balsam fir",1.8,14
499610208126144,12,"balsam fir",1.4,12
499610209126144,319,"mountain maple",1.2,15
499610210126144,319,"mountain maple",1.1,15
499610211126144,12,"balsam fir",1,10
499610212126144,319,"mountain maple",1,14
499610213126144,316,"red maple",5.3,46
499610214126144,316,"red maple",5.3,41
499596487126144,375,"paper birch",12,43
499596492126144,543,"black ash",13.1,61
499596494126144,12,"balsam fir",10.7,58
499596498126144,12,"balsam fir",10.2,60
499596499126144,12,"balsam fir",8.3,38
499596500126144,94,"white spruce",11.3,57
499596501126144,12,"balsam fir",7.5,38
499596503126144,319,"mountain maple",1.2,14
499596505126144,375,"paper birch",18,65
499596506126144,12,"balsam fir",10.1,44
499596510126144,746,"quaking aspen",15.3,63
499596511126144,319,"mountain maple",2.7,16
499596513126144,319,"mountain maple",1.6,15
499596514126144,319,"mountain maple",1,12
499581422126144,375,"paper birch",9.6,50
499581423126144,375,"paper birch",6.7,57
499581425126144,375,"paper birch",10.6,58
499581426126144,375,"paper birch",8.7,48
499581428126144,375,"paper birch",9.6,65
499581433126144,375,"paper birch",6.9,63
499581435126144,12,"balsam fir",7.8,48
499581436126144,375,"paper birch",6,62
499581437126144,12,"balsam fir",8.8,55
499581440126144,375,"paper birch",6.6,63
499581441126144,375,"paper birch",8.1,66
499581442126144,12,"balsam fir",7.5,42
499581444126144,319,"mountain maple",1.7,20
499581445126144,319,"mountain maple",1.2,15
499581448126144,319,"mountain maple",2.2,19
499581449126144,319,"mountain maple",1.3,16
499581450126144,94,"white spruce",14.3,76
499581451126144,375,"paper birch",11.9,59
499581452126144,375,"paper birch",10.3,58
499581454126144,375,"paper birch",11.8,69
499581455126144,375,"paper birch",7,66
499581456126144,375,"paper birch",13.5,68
499581460126144,375,"paper birch",5.3,39
499581461126144,375,"paper birch",10.9,67
499581462126144,319,"mountain maple",2,21
499581463126144,319,"mountain maple",1.2,19
499581464126144,319,"mountain maple",1,17
499609744126144,241,"northern white-cedar",12.1,47
499609745126144,241,"northern white-cedar",13.6,46
499609748126144,12,"balsam fir",1.8,17
499609749126144,12,"balsam fir",2.6,20
499609750126144,12,"balsam fir",2,22
499609751126144,12,"balsam fir",2,17
499609752126144,94,"white spruce",2.1,21
499609753126144,12,"balsam fir",1.9,19
499609754126144,12,"balsam fir",4.8,29
499609755126144,12,"balsam fir",4,28
499609756126144,12,"balsam fir",1.9,20
499609757126144,12,"balsam fir",2.2,22
499609758126144,746,"quaking aspen",1.8,23
499609759126144,12,"balsam fir",2.4,18
499609760126144,12,"balsam fir",2,17
499609761126144,12,"balsam fir",1.1,12
499609762126144,12,"balsam fir",1.3,13
499609763126144,746,"quaking aspen",1.2,21
499609764126144,12,"balsam fir",1.2,12
499609765126144,12,"balsam fir",5.8,38
499609766126144,12,"balsam fir",5.4,40
499609767126144,12,"balsam fir",8,44
499609777126144,12,"balsam fir",2.7,23
499609779126144,12,"balsam fir",7,45
499609780126144,12,"balsam fir",5.4,29
499609781126144,12,"balsam fir",1.2,14
499609782126144,94,"white spruce",5.6,40
499609783126144,12,"balsam fir",5.7,35
499609785126144,12,"balsam fir",5.8,39
499609787126144,12,"balsam fir",5.3,35
499609788126144,12,"balsam fir",5.5,30
499609793126144,12,"balsam fir",2.4,20
499609794126144,12,"balsam fir",3.2,26
499609799126144,12,"balsam fir",2.3,22
499609801126144,12,"balsam fir",2.5,25
499609803126144,12,"balsam fir",2.3,22
499609804126144,12,"balsam fir",1.5,20
499609805126144,12,"balsam fir",1.3,16
499609806126144,12,"balsam fir",1,11
499609807126144,12,"balsam fir",1.3,15
499609808126144,12,"balsam fir",6.4,32
499609809126144,12,"balsam fir",5.4,30
499609810126144,12,"balsam fir",2.5,25
499609811126144,375,"paper birch",12.5,53
499609814126144,12,"balsam fir",4.9,41
499609816126144,12,"balsam fir",6.1,38
499609817126144,12,"balsam fir",1.4,16
499609820126144,12,"balsam fir",5.6,37
499609821126144,12,"balsam fir",5.2,35
499609818126144,12,"balsam fir",5.6,33
499609822126144,935,"American mountain-ash",1.1,17
499581505126144,375,"paper birch",1,11
499610242126144,125,"red pine",14,83
499610243126144,125,"red pine",13.2,82
499610244126144,125,"red pine",16.4,83
499610245126144,125,"red pine",8.8,74
499610246126144,125,"red pine",5.5,48
499610247126144,125,"red pine",15.5,83
499610250126144,105,"jack pine",9.6,82
499610252126144,125,"red pine",15.2,83
499610253126144,105,"jack pine",10.6,75
499610254126144,125,"red pine",14.1,81
499610255126144,125,"red pine",7,72
499610256126144,125,"red pine",12.1,80
499610258126144,94,"white spruce",6.2,40
499610259126144,125,"red pine",14,80
499610261126144,94,"white spruce",11.4,69
499610262126144,95,"black spruce",12.3,69
499610263126144,105,"jack pine",14,73
499610264126144,125,"red pine",11.2,70
499610265126144,105,"jack pine",12.3,75
499610266126144,375,"paper birch",7.3,69
499610267126144,95,"black spruce",9.2,62
499610268126144,95,"black spruce",9.4,65
499610269126144,12,"balsam fir",6,44
499610270126144,375,"paper birch",5.3,59
499610271126144,375,"paper birch",6,62
499610272126144,375,"paper birch",6.1,61
499610273126144,375,"paper birch",5.6,59
499610274126144,125,"red pine",17,84
499610275126144,125,"red pine",11.1,59
499610276126144,375,"paper birch",10.6,62
499610277126144,375,"paper birch",8,48
499610278126144,12,"balsam fir",3.3,26
499610280126144,319,"mountain maple",1.3,17
499610281126144,319,"mountain maple",1.4,14
499610282126144,12,"balsam fir",5.5,28
499610283126144,319,"mountain maple",1.2,9
499610284126144,319,"mountain maple",1.3,17
499610285126144,319,"mountain maple",1.2,17
499610286126144,12,"balsam fir",1.4,10
499610287126144,12,"balsam fir",1.3,10
499585579126144,746,"quaking aspen",6.3,58
499585651126144,746,"quaking aspen",6.4,48
499600952126144,12,"balsam fir",8.4,40
499600955126144,94,"white spruce",9.9,46
499600956126144,746,"quaking aspen",3.8,45
499600967126144,746,"quaking aspen",6.1,54
499600983126144,12,"balsam fir",7.8,38
499600984126144,12,"balsam fir",1.3,11
499600985126144,12,"balsam fir",1,10
499601129126144,105,"jack pine",6.9,37
499601133126144,105,"jack pine",6.3,43
499601157126144,105,"jack pine",5.7,43
499601166126144,105,"jack pine",6.2,40
499601167126144,12,"balsam fir",5.6,42
499601169126144,95,"black spruce",6.3,41
499601174126144,125,"red pine",8.5,41
499601175126144,105,"jack pine",6.1,40
499554839126144,746,"quaking aspen",3.4,40
499554840126144,746,"quaking aspen",5.3,45
499554841126144,375,"paper birch",7.7,41
499554842126144,95,"black spruce",3.2,25
499554843126144,95,"black spruce",3.6,27
499554844126144,129,"eastern white pine",4.1,24
499554845126144,129,"eastern white pine",6,30
499554847126144,746,"quaking aspen",1.7,21
499554849126144,95,"black spruce",5.9,37
499554850126144,375,"paper birch",8,42
499554851126144,95,"black spruce",6.3,38
499554852126144,129,"eastern white pine",7,26
499554853126144,129,"eastern white pine",7,32
499554854126144,95,"black spruce",1.6,14
499554855126144,95,"black spruce",5.6,25
499554856126144,375,"paper birch",6.3,47
499554857126144,375,"paper birch",7.5,41
499554858126144,375,"paper birch",2.9,29
499554859126144,375,"paper birch",6.2,43
499554860126144,375,"paper birch",6.2,39
499554861126144,375,"paper birch",6.4,44
499554862126144,95,"black spruce",2.9,23
499554863126144,95,"black spruce",7.3,38
499554864126144,95,"black spruce",5.7,35
499554865126144,95,"black spruce",5.7,35
499554866126144,125,"red pine",1.8,13
499554867126144,95,"black spruce",5.6,38
499554868126144,375,"paper birch",5.2,36
499554869126144,95,"black spruce",1.6,14
499554870126144,95,"black spruce",9.6,62
499554871126144,95,"black spruce",6.8,51
499554872126144,105,"jack pine",12.7,71
499554873126144,95,"black spruce",10,69
499554874126144,95,"black spruce",7.9,61
499554875126144,105,"jack pine",13.2,77
499554876126144,375,"paper birch",4.8,32
499554877126144,95,"black spruce",5.7,55
499554878126144,12,"balsam fir",6.4,40
499554879126144,12,"balsam fir",7.3,51
499554880126144,12,"balsam fir",7.1,40
499554881126144,95,"black spruce",1.2,12
499554882126144,375,"paper birch",6.4,38
499575785126144,12,"balsam fir",6.3,43
499575786126144,12,"balsam fir",7.2,49
499575787126144,12,"balsam fir",10.3,58
499575789126144,12,"balsam fir",8.8,50
499575790126144,12,"balsam fir",6.7,39
499575792126144,95,"black spruce",6.7,47
499575793126144,12,"balsam fir",6.2,48
499575794126144,375,"paper birch",6.6,43
499575795126144,12,"balsam fir",6.9,50
499575796126144,95,"black spruce",7.2,48
499575797126144,94,"white spruce",6.5,44
499575798126144,12,"balsam fir",5.2,29
499575799126144,12,"balsam fir",5.6,40
499575800126144,12,"balsam fir",5,46
499575801126144,12,"balsam fir",5,32
499575803126144,94,"white spruce",1.3,11
499575804126144,12,"balsam fir",6.8,30
499575805126144,129,"eastern white pine",1.8,15
499575806126144,94,"white spruce",1.6,13
499575807126144,94,"white spruce",2.6,17
499575808126144,94,"white spruce",2.9,15
499575809126144,95,"black spruce",5.4,30
499575810126144,95,"black spruce",11,70
499575811126144,95,"black spruce",12.8,71
499575812126144,375,"paper birch",10.3,61
499575813126144,12,"balsam fir",4,28
499575814126144,12,"balsam fir",3.9,23
499575815126144,12,"balsam fir",5.8,42
499575816126144,95,"black spruce",11.2,69
499575820126144,12,"balsam fir",2.3,18
499575822126144,12,"balsam fir",1.1,14
499575823126144,12,"balsam fir",1.6,16
499575824126144,12,"balsam fir",2.2,21
499575825126144,12,"balsam fir",1.8,17
499575827126144,12,"balsam fir",5.3,34
499575828126144,12,"balsam fir",1,11
499568412126144,316,"red maple",14.1,69
499568420126144,316,"red maple",1,14
499568423126144,316,"red maple",5.3,37
499568424126144,316,"red maple",5.1,42
499568436126144,316,"red maple",5.8,46
499568438126144,316,"red maple",5.7,46
499568439126144,316,"red maple",5,42
499569247126144,543,"black ash",7,45
499569256126144,543,"black ash",10.1,56
499569268126144,543,"black ash",5.5,43
499569271126144,543,"black ash",6.2,48
499569276126144,543,"black ash",9.8,59
499569279126144,543,"black ash",13.3,55
499616357126144,746,"quaking aspen",1.1,13
499616358126144,746,"quaking aspen",1,14
499616365126144,746,"quaking aspen",1.2,17
499616366126144,746,"quaking aspen",1,14
499616367126144,746,"quaking aspen",1.3,16
499616374126144,746,"quaking aspen",1,12
499575732126144,543,"black ash",3.6,29
499575733126144,543,"black ash",1.7,20
499575734126144,12,"balsam fir",6.9,34
499575735126144,543,"black ash",7.4,44
499575736126144,543,"black ash",5.9,42
499575737126144,12,"balsam fir",5.5,27
499575738126144,543,"black ash",12.3,56
499575741126144,543,"black ash",8.6,48
499575743126144,543,"black ash",7.4,38
499575744126144,543,"black ash",8.8,56
499575745126144,761,"pin cherry",2.2,23
499575747126144,543,"black ash",5.1,32
499575748126144,543,"black ash",6.6,39
499575749126144,543,"black ash",9.4,56
499575750126144,543,"black ash",9.1,51
499575751126144,543,"black ash",9.2,54
499575752126144,543,"black ash",6,50
499575753126144,746,"quaking aspen",1.8,18
499575754126144,543,"black ash",5.5,34
499575755126144,543,"black ash",5.4,37
499575756126144,543,"black ash",5.8,41
499575757126144,543,"black ash",1.5,16
499575758126144,543,"black ash",1.7,19
499575760126144,12,"balsam fir",1.3,12
499575761126144,543,"black ash",5,36
499575762126144,763,"chokecherry",1.3,14
499575763126144,319,"mountain maple",1,13
499575764126144,763,"chokecherry",1,12
499569372126144,375,"paper birch",14,55
499569375126144,746,"quaking aspen",6.6,48
499569382126144,318,"sugar maple",6.8,40
499569385126144,318,"sugar maple",8.2,54
499569394126144,543,"black ash",5.2,52
499569410126144,318,"sugar maple",11.4,60
499569414126144,375,"paper birch",11.5,58
499569418126144,318,"sugar maple",7.9,52
499569419126144,951,"American basswood",10.3,52
499569420126144,951,"American basswood",12.2,66
499611770126144,746,"quaking aspen",7.7,52
499611774126144,743,"bigtooth aspen",10.4,67
499611775126144,746,"quaking aspen",7.4,59
499611778126144,746,"quaking aspen",2.6,33
499611785126144,316,"red maple",8.2,46
499626830126144,318,"sugar maple",11.7,60
499626831126144,833,"northern red oak",14.3,61
499626832126144,318,"sugar maple",7.4,57
499626834126144,318,"sugar maple",12.4,55
499626835126144,318,"sugar maple",6.3,43
499626838126144,318,"sugar maple",10.6,64
499626839126144,318,"sugar maple",5.3,46
499626840126144,318,"sugar maple",4.7,48
499626841126144,951,"American basswood",9,57
499626843126144,318,"sugar maple",6,57
499626844126144,318,"sugar maple",6.7,55
499626845126144,318,"sugar maple",6.1,54
499626849126144,316,"red maple",6.2,55
499626850126144,318,"sugar maple",7,56
499626854126144,318,"sugar maple",6.5,56
499626855126144,823,"bur oak",11.2,59
499626856126144,833,"northern red oak",16.3,58
499626857126144,833,"northern red oak",12.9,55
499626858126144,318,"sugar maple",6,48
499626859126144,951,"American basswood",8.8,57
499626860126144,318,"sugar maple",5.2,47
499626861126144,318,"sugar maple",5.2,46
499626862126144,318,"sugar maple",6.2,64
499626863126144,951,"American basswood",9.2,68
499626865126144,318,"sugar maple",5.5,42
499626866126144,833,"northern red oak",16.5,76
499626867126144,318,"sugar maple",7.7,65
499626871126144,318,"sugar maple",6.4,55
499626872126144,318,"sugar maple",5.9,65
499626875126144,318,"sugar maple",5.1,54
499626552126144,951,"American basswood",6.5,45
499626553126144,375,"paper birch",3.1,37
499626554126144,375,"paper birch",3.7,41
499626555126144,741,"balsam poplar",4.5,40
499626556126144,375,"paper birch",5.1,39
499626558126144,375,"paper birch",2.2,30
499626559126144,375,"paper birch",1.3,21
499626560126144,318,"sugar maple",1.4,21
499626561126144,318,"sugar maple",1.2,21
499626562126144,375,"paper birch",6,40
499626564126144,12,"balsam fir",5.5,37
499626570126144,701,"eastern hophornbeam",2.2,26
499626571126144,951,"American basswood",2.6,26
499626572126144,951,"American basswood",1.3,16
499626574126144,701,"eastern hophornbeam",1.8,20
499626575126144,318,"sugar maple",1.3,22
499626576126144,701,"eastern hophornbeam",1.7,21
499626577126144,701,"eastern hophornbeam",2,23
499626578126144,701,"eastern hophornbeam",2,22
499626579126144,318,"sugar maple",1.3,20
499626580126144,12,"balsam fir",5.9,28
499626581126144,12,"balsam fir",5.4,36
499626583126144,951,"American basswood",10.2,56
499626584126144,318,"sugar maple",7.9,46
499626586126144,318,"sugar maple",6,37
499626587126144,951,"American basswood",2,23
499626588126144,12,"balsam fir",5.4,36
499626589126144,12,"balsam fir",3.4,31
499626590126144,951,"American basswood",2.4,27
499626592126144,12,"balsam fir",7.5,41
499626593126144,318,"sugar maple",5.4,45
499626594126144,12,"balsam fir",6.3,41
499626595126144,12,"balsam fir",5.1,32
499626596126144,12,"balsam fir",6.4,41
499626601126144,701,"eastern hophornbeam",3.7,27
499626602126144,701,"eastern hophornbeam",1.7,22
499626603126144,318,"sugar maple",2.1,28
499626604126144,701,"eastern hophornbeam",1.9,24
499626605126144,701,"eastern hophornbeam",1.5,19
499626607126144,701,"eastern hophornbeam",1.5,20
499626608126144,701,"eastern hophornbeam",1.1,16
499626609126144,701,"eastern hophornbeam",1.1,19
499626610126144,701,"eastern hophornbeam",1.6,20
499626611126144,701,"eastern hophornbeam",1.2,20
499626612126144,318,"sugar maple",1.1,20
499626613126144,701,"eastern hophornbeam",1.1,18
499626614126144,701,"eastern hophornbeam",1,15
499626615126144,318,"sugar maple",1,19
499626618126144,12,"balsam fir",1,9
499576528126144,375,"paper birch",9.3,65
499576532126144,375,"paper birch",8,65
499576536126144,375,"paper birch",10.2,65
499576537126144,316,"red maple",10,51
499576538126144,318,"sugar maple",5.8,39
499576540126144,318,"sugar maple",6.4,44
499576541126144,318,"sugar maple",6.4,44
499576543126144,316,"red maple",6.9,50
499576545126144,316,"red maple",5.8,47
499576546126144,316,"red maple",5.9,45
499576547126144,318,"sugar maple",5.7,44
499576549126144,318,"sugar maple",6,46
499576550126144,318,"sugar maple",7.1,48
499576552126144,318,"sugar maple",4.6,36
499576554126144,318,"sugar maple",3.8,42
499576556126144,318,"sugar maple",4.6,33
499576557126144,318,"sugar maple",5.2,42
499576558126144,316,"red maple",6.5,50
499576559126144,316,"red maple",7,48
499576560126144,316,"red maple",7.3,48
499576561126144,316,"red maple",7.3,46
499576562126144,318,"sugar maple",8.7,53
499576564126144,318,"sugar maple",6.4,50
499576565126144,318,"sugar maple",9.4,55
499576566126144,318,"sugar maple",8.9,57
499576568126144,316,"red maple",7.5,51
499576570126144,318,"sugar maple",6.6,50
499576572126144,316,"red maple",6.6,49
499576575126144,12,"balsam fir",7.1,42
499576577126144,12,"balsam fir",6.8,48
499576579126144,316,"red maple",6.6,46
499576580126144,316,"red maple",6.9,44
499576581126144,241,"northern white-cedar",8.5,36
499576582126144,94,"white spruce",2.3,24
499576583126144,12,"balsam fir",4.6,38
499576585126144,12,"balsam fir",2.7,29
499576586126144,12,"balsam fir",5,32
499576587126144,94,"white spruce",7.1,46
499576588126144,94,"white spruce",7.3,41
499576589126144,94,"white spruce",6.1,30
499576590126144,316,"red maple",5.3,42
499579559126144,951,"American basswood",6.4,38
499579566126144,241,"northern white-cedar",15.4,46
499579575126144,94,"white spruce",5.4,32
499617232126144,316,"red maple",6.3,42
499617233126144,316,"red maple",7.3,59
499617234126144,746,"quaking aspen",16.2,69
499617236126144,375,"paper birch",9.5,53
499617238126144,316,"red maple",6.4,48
499617239126144,316,"red maple",7,47
499617240126144,12,"balsam fir",6.4,47
499617241126144,94,"white spruce",1.8,10
499617242126144,95,"black spruce",5.2,35
499617243126144,12,"balsam fir",5,37
499617244126144,319,"mountain maple",1.1,15
499617245126144,12,"balsam fir",1.1,10
499617246126144,746,"quaking aspen",1,13
499617247126144,746,"quaking aspen",13.1,77
499617248126144,375,"paper birch",15.5,72
499617249126144,12,"balsam fir",8.7,50
499617251126144,746,"quaking aspen",16.6,76
499617252126144,375,"paper birch",9.5,68
499617253126144,12,"balsam fir",5.9,37
499617254126144,316,"red maple",6,50
499617255126144,319,"mountain maple",1.2,16
499617256126144,319,"mountain maple",1.1,14
499617258126144,375,"paper birch",6.7,32
499617259126144,375,"paper birch",7.9,55
499617260126144,375,"paper birch",12.2,53
499617261126144,12,"balsam fir",7.8,47
499617262126144,375,"paper birch",11.7,60
499617263126144,375,"paper birch",8.8,74
499617264126144,12,"balsam fir",7,46
499617266126144,12,"balsam fir",4.1,32
499617267126144,12,"balsam fir",3.9,29
499617268126144,12,"balsam fir",5.9,38
499617269126144,12,"balsam fir",1.5,12
499617270126144,319,"mountain maple",1.3,16
499617272126144,319,"mountain maple",1.7,20
499617273126144,319,"mountain maple",1.4,16
499617274126144,12,"balsam fir",5.2,33
499617275126144,12,"balsam fir",5.1,34
499617276126144,12,"balsam fir",1.2,10
499617277126144,746,"quaking aspen",11.5,60
499617278126144,12,"balsam fir",1.4,13
499617279126144,12,"balsam fir",1.4,16
499617280126144,12,"balsam fir",4.1,36
499617281126144,95,"black spruce",6.9,48
499617282126144,12,"balsam fir",1.4,12
499617283126144,12,"balsam fir",2.4,26
499617284126144,12,"balsam fir",5.9,40
499617285126144,12,"balsam fir",6.1,42
499602566126144,12,"balsam fir",2.8,22
499602567126144,12,"balsam fir",1.7,14
499602568126144,12,"balsam fir",5,32
499602569126144,95,"black spruce",9.6,70
499602570126144,95,"black spruce",9.4,65
499602572126144,95,"black spruce",8.7,70
499602573126144,95,"black spruce",8.4,62
499602575126144,95,"black spruce",7.3,50
499602576126144,95,"black spruce",5.7,55
499602577126144,95,"black spruce",11.8,74
499602579126144,95,"black spruce",7.4,56
499602580126144,95,"black spruce",7.4,58
499602582126144,95,"black spruce",6,51
499602583126144,95,"black spruce",5.5,37
499602584126144,95,"black spruce",5.4,50
499602586126144,95,"black spruce",5,47
499602587126144,12,"balsam fir",1.5,13
499602589126144,12,"balsam fir",4.5,28
499602590126144,12,"balsam fir",3.7,24
499602591126144,12,"balsam fir",1.8,16
499602593126144,12,"balsam fir",5,29
499602594126144,12,"balsam fir",6.3,35
499602595126144,95,"black spruce",1.2,13
499602596126144,95,"black spruce",4.6,30
499602599126144,12,"balsam fir",2.4,22
499602600126144,12,"balsam fir",1.3,8
499602602126144,12,"balsam fir",1.2,9
499602603126144,12,"balsam fir",6.1,35
499602604126144,95,"black spruce",7.2,39
499602605126144,375,"paper birch",7.8,40
499602607126144,95,"black spruce",6.7,38
499602608126144,95,"black spruce",6.1,38
499602609126144,12,"balsam fir",5.4,36
499602610126144,12,"balsam fir",5.4,35
499602995126144,95,"black spruce",4.6,34
499603004126144,71,"tamarack (native)",5.3,29
499603005126144,95,"black spruce",5.1,36
499570092126144,375,"paper birch",11.1,51
499570093126144,375,"paper birch",7.3,53
499570094126144,12,"balsam fir",6.6,38
499570095126144,746,"quaking aspen",5.8,47
499570096126144,12,"balsam fir",5.2,37
499570097126144,746,"quaking aspen",7.4,55
499570098126144,12,"balsam fir",5.1,37
499570100126144,375,"paper birch",10.6,53
499570102126144,375,"paper birch",8.5,54
499570103126144,316,"red maple",3.8,36
499570104126144,12,"balsam fir",4.1,33
499570105126144,316,"red maple",1.6,25
499570106126144,316,"red maple",2.5,34
499570107126144,746,"quaking aspen",2.6,42
499570108126144,316,"red maple",2.7,36
499570109126144,316,"red maple",6.3,36
499570110126144,375,"paper birch",5.2,40
499570111126144,375,"paper birch",6.5,49
499570112126144,316,"red maple",1.2,23
499570113126144,12,"balsam fir",5.2,29
499570114126144,316,"red maple",5.2,42
499570115126144,316,"red maple",5.1,43
499570116126144,316,"red maple",1,19
499570117126144,375,"paper birch",8.4,45
499570118126144,375,"paper birch",7.7,44
499570119126144,12,"balsam fir",8.6,47
499570120126144,543,"black ash",2.1,20
499570121126144,746,"quaking aspen",5.5,42
499570122126144,746,"quaking aspen",6,46
499570123126144,12,"balsam fir",5.9,33
499570125126144,375,"paper birch",13.1,56
499570127126144,12,"balsam fir",1.4,12
499570128126144,316,"red maple",2.9,32
499570129126144,12,"balsam fir",2.2,16
499570130126144,12,"balsam fir",5.4,35
499589230126144,71,"tamarack (native)",11.1,45
499589231126144,95,"black spruce",6.5,41
499589232126144,95,"black spruce",6,37
499589236126144,95,"black spruce",5.2,41
499589237126144,95,"black spruce",5,33
499589238126144,95,"black spruce",5.9,32
499589239126144,71,"tamarack (native)",1.6,14
499589240126144,71,"tamarack (native)",1.6,16
499589241126144,71,"tamarack (native)",1.9,17
499589244126144,95,"black spruce",6.1,42
499589245126144,71,"tamarack (native)",2.9,15
499589246126144,95,"black spruce",5,29
499589248126144,71,"tamarack (native)",2.1,17
499602849126144,95,"black spruce",7.5,58
499602850126144,95,"black spruce",5.6,48
499602853126144,95,"black spruce",6.3,49
499602857126144,95,"black spruce",6.4,40
499602863126144,95,"black spruce",8.3,58
499602865126144,95,"black spruce",3.6,28
499602869126144,95,"black spruce",5,49
499602870126144,95,"black spruce",7,58
499602873126144,95,"black spruce",6,48
499602875126144,95,"black spruce",7,52
499602877126144,95,"black spruce",5.4,45
499602879126144,95,"black spruce",8,56
499602882126144,95,"black spruce",5.8,47
499602885126144,95,"black spruce",5.4,44
499602886126144,95,"black spruce",5,37
499602887126144,95,"black spruce",6.8,51
499602889126144,95,"black spruce",8.5,55
499602892126144,95,"black spruce",7.1,51
499602894126144,95,"black spruce",7,55
499602897126144,95,"black spruce",5.5,35
499602898126144,95,"black spruce",1.6,14
499602901126144,95,"black spruce",5.1,45
499602905126144,95,"black spruce",7.8,55
499602906126144,95,"black spruce",6.2,55
499602908126144,95,"black spruce",8.9,56
499602912126144,95,"black spruce",7.7,57
499602913126144,95,"black spruce",6.7,55
499602914126144,95,"black spruce",7.6,58
499602916126144,95,"black spruce",6.3,51
499602924126144,95,"black spruce",5.1,50
499613704126144,241,"northern white-cedar",8.2,34
499613756126144,241,"northern white-cedar",5.7,23
499613770126144,95,"black spruce",5,34
499579237126144,543,"black ash",7.3,55
499579240126144,543,"black ash",2.6,31
499579243126144,543,"black ash",6,52
499579246126144,543,"black ash",5,46
499579247126144,543,"black ash",5.2,47
499579248126144,543,"black ash",7.6,59
499579251126144,543,"black ash",6.5,50
499579255126144,543,"black ash",5.9,51
499579258126144,543,"black ash",5.3,54
499579259126144,543,"black ash",5,55
499579261126144,12,"balsam fir",11.2,52
499579268126144,543,"black ash",7.4,54
499579274126144,543,"black ash",2.5,37
499579275126144,543,"black ash",5.5,51
499579276126144,12,"balsam fir",6.9,51
499579277126144,543,"black ash",6.2,53
499579281126144,543,"black ash",6.8,53
499579282126144,543,"black ash",5.8,53
499579285126144,543,"black ash",5.2,48
499579286126144,543,"black ash",5.7,49
499582168126144,746,"quaking aspen",9.2,76
499582169126144,746,"quaking aspen",8.6,73
499582170126144,746,"quaking aspen",7.9,68
499582171126144,746,"quaking aspen",10.6,70
499582172126144,746,"quaking aspen",13.8,82
499582174126144,746,"quaking aspen",9,68
499582175126144,12,"balsam fir",1.2,11
499582176126144,746,"quaking aspen",1,15
499582177126144,746,"quaking aspen",9,64
499582180126144,746,"quaking aspen",10.4,70
499582181126144,746,"quaking aspen",7.4,60
499582182126144,12,"balsam fir",9.3,54
499582184126144,12,"balsam fir",5.7,33
499582185126144,375,"paper birch",7,55
499582187126144,746,"quaking aspen",10.6,65
499582188126144,746,"quaking aspen",6.9,57
499582189126144,746,"quaking aspen",12,63
499582190126144,746,"quaking aspen",10.5,65
499582191126144,746,"quaking aspen",7.1,60
499582193126144,316,"red maple",7.6,60
499582194126144,746,"quaking aspen",7.8,67
499582197126144,746,"quaking aspen",8.4,61
499582198126144,746,"quaking aspen",8.2,60
499582200126144,746,"quaking aspen",9.1,62
499582201126144,746,"quaking aspen",8.4,64
499582202126144,746,"quaking aspen",5.2,48
499582203126144,746,"quaking aspen",1.3,17
499602945126144,95,"black spruce",5.7,40
499602946126144,71,"tamarack (native)",11.1,55
499602948126144,241,"northern white-cedar",6.4,28
499602950126144,241,"northern white-cedar",10.4,31
499602951126144,95,"black spruce",3,20
499602952126144,12,"balsam fir",1.5,11
499602953126144,12,"balsam fir",1.4,7
499602954126144,95,"black spruce",5.4,36
499602957126144,95,"black spruce",7.7,45
499602959126144,241,"northern white-cedar",14.5,36
499602960126144,95,"black spruce",5.3,28
499602961126144,71,"tamarack (native)",8.2,47
499602962126144,71,"tamarack (native)",6.4,41
499602964126144,95,"black spruce",1.6,10
499602965126144,241,"northern white-cedar",2.2,16
499602966126144,241,"northern white-cedar",2.3,17
499602967126144,241,"northern white-cedar",1.1,10
499602968126144,12,"balsam fir",2.2,13
499602969126144,71,"tamarack (native)",8,47
499602970126144,12,"balsam fir",1.4,10
499602972126144,12,"balsam fir",1.6,10
499602973126144,12,"balsam fir",1.2,9
499602974126144,241,"northern white-cedar",2.6,15
499602975126144,71,"tamarack (native)",5.8,39
499602976126144,241,"northern white-cedar",1.2,12
499572157126144,241,"northern white-cedar",11.3,37
499572161126144,241,"northern white-cedar",6.9,24
499572164126144,241,"northern white-cedar",8.3,30
499572167126144,241,"northern white-cedar",10.5,39
499572169126144,12,"balsam fir",1.3,7
499572170126144,71,"tamarack (native)",1,10
499572173126144,12,"balsam fir",4.3,28
499572174126144,12,"balsam fir",3.5,28
499572175126144,375,"paper birch",3.4,24
499572176126144,12,"balsam fir",3.3,26
499572177126144,12,"balsam fir",3.9,29
499572178126144,12,"balsam fir",1.4,13
499572179126144,12,"balsam fir",2.8,26
499572180126144,12,"balsam fir",1.3,10
499572181126144,375,"paper birch",6.6,29
499572182126144,12,"balsam fir",5.7,32
499572183126144,12,"balsam fir",1.3,9
499572184126144,12,"balsam fir",1.1,8
499572185126144,12,"balsam fir",1.3,15
499572186126144,375,"paper birch",5,28
499572187126144,375,"paper birch",5.1,30
499572188126144,12,"balsam fir",5.3,29
499572189126144,375,"paper birch",1,16
499572190126144,241,"northern white-cedar",13.8,38
499572193126144,241,"northern white-cedar",6.4,27
499572194126144,95,"black spruce",8.2,51
499572195126144,71,"tamarack (native)",6.5,39
499572196126144,12,"balsam fir",1.1,8
499579303126144,12,"balsam fir",4.2,31
499579306126144,12,"balsam fir",2.9,24
499579309126144,12,"balsam fir",6.5,31
499579316126144,12,"balsam fir",7.2,46
499579322126144,95,"black spruce",6.3,52
499579323126144,95,"black spruce",5.3,39
499579324126144,12,"balsam fir",5.8,45
499579325126144,12,"balsam fir",5.2,36
499579333126144,95,"black spruce",4.8,38
499579334126144,12,"balsam fir",7.5,54
499579337126144,746,"quaking aspen",6.3,60
499579338126144,12,"balsam fir",5.8,45
499579340126144,12,"balsam fir",5.1,43
499579346126144,241,"northern white-cedar",8.1,34
499579350126144,95,"black spruce",6.5,42
499579170126144,12,"balsam fir",6.7,36
499579179126144,129,"eastern white pine",5.5,34
499579204126144,105,"jack pine",7.2,59
499579222126144,12,"balsam fir",5,43
499613477126144,316,"red maple",2,28
499613479126144,746,"quaking aspen",7.9,75
499613509126144,543,"black ash",1.8,25
499613520126144,746,"quaking aspen",5.1,59
499613521126144,746,"quaking aspen",5.2,59
499613529126144,741,"balsam poplar",5.6,48
499598457126144,746,"quaking aspen",4.8,31
499598459126144,746,"quaking aspen",5.2,34
499598467126144,543,"black ash",5.7,38
499598468126144,972,"American elm",5.1,44
499598469126144,543,"black ash",5.1,42
499598472126144,543,"black ash",3.4,32
499598474126144,972,"American elm",6.7,39
499598478126144,972,"American elm",6.8,41
499598482126144,543,"black ash",7.7,45
499598483126144,543,"black ash",6.5,47
499598484126144,972,"American elm",2.8,29
499598489126144,972,"American elm",5.3,43
499609317126144,71,"tamarack (native)",8.9,51
499609318126144,71,"tamarack (native)",9.9,57
499609322126144,71,"tamarack (native)",8.2,47
499609328126144,95,"black spruce",5.6,35
499580240126144,746,"quaking aspen",12.3,72
499580242126144,94,"white spruce",11.1,57
499580249126144,94,"white spruce",5.3,39
499580252126144,316,"red maple",6.3,47
499580260126144,316,"red maple",5.6,52
499580261126144,316,"red maple",5.6,45
499580269126144,316,"red maple",7.5,55
499580270126144,746,"quaking aspen",2.6,31
499580275126144,746,"quaking aspen",5,51
499573030126144,833,"northern red oak",9.6,54
499573032126144,833,"northern red oak",5.4,45
499573036126144,543,"black ash",8.7,33
499573053126144,318,"sugar maple",10.6,50
499573059126144,318,"sugar maple",6.1,40
499573060126144,318,"sugar maple",8.2,43
499573061126144,951,"American basswood",12.4,49
499569874126144,105,"jack pine",8.2,39
499569875126144,105,"jack pine",7.8,41
499569878126144,105,"jack pine",7,36
499569879126144,743,"bigtooth aspen",9.8,54
499569880126144,105,"jack pine",8.9,45
499569883126144,105,"jack pine",7.8,39
499569884126144,743,"bigtooth aspen",6.5,48
499569885126144,356,"serviceberry spp.",1.2,10
499569886126144,105,"jack pine",5.5,45
499569887126144,356,"serviceberry spp.",1.3,11
499569888126144,105,"jack pine",9.2,51
499569889126144,105,"jack pine",8.3,51
499569891126144,105,"jack pine",7.6,47
499569892126144,105,"jack pine",6.5,45
499569893126144,105,"jack pine",3.7,35
499569894126144,375,"paper birch",1.6,21
499569895126144,105,"jack pine",6,41
499569896126144,105,"jack pine",7.4,47
499569897126144,105,"jack pine",6.6,37
499569898126144,105,"jack pine",5.6,39
499569899126144,105,"jack pine",5.6,38
499569902126144,375,"paper birch",1.5,20
499569903126144,105,"jack pine",5.2,41
499569904126144,105,"jack pine",5.3,40
499569905126144,105,"jack pine",6.6,51
499569906126144,105,"jack pine",6.8,49
499569907126144,105,"jack pine",6.3,47
499569909126144,105,"jack pine",11,44
499569910126144,105,"jack pine",6.6,43
499569911126144,105,"jack pine",7.3,55
499569912126144,105,"jack pine",7.1,53
499569913126144,375,"paper birch",4.2,42
499569915126144,105,"jack pine",6.3,48
499569916126144,105,"jack pine",6.4,49
499569917126144,105,"jack pine",6.4,48
499569918126144,105,"jack pine",5.6,44
499569919126144,105,"jack pine",6.2,49
499569920126144,316,"red maple",4.5,46
499569921126144,356,"serviceberry spp.",1.4,28
499569922126144,316,"red maple",1.9,25
499569923126144,316,"red maple",2.9,30
499569924126144,316,"red maple",5.3,48
499569925126144,105,"jack pine",8.6,48
499569927126144,105,"jack pine",6.8,49
499569928126144,105,"jack pine",6.9,49
499569929126144,105,"jack pine",6.2,41
499569930126144,105,"jack pine",6.4,50
499569931126144,105,"jack pine",7,50
499569932126144,95,"black spruce",7.4,52
499569933126144,105,"jack pine",6.3,47
499569934126144,95,"black spruce",6,37
499569935126144,105,"jack pine",5.5,50
499569936126144,105,"jack pine",5.9,48
499569937126144,95,"black spruce",5.3,36
499569938126144,95,"black spruce",6,43
499569939126144,105,"jack pine",6.4,49
499569940126144,375,"paper birch",1.1,14
499569941126144,105,"jack pine",5.4,48
499569942126144,125,"red pine",5.5,43
499569943126144,375,"paper birch",5.2,42
499569944126144,105,"jack pine",5.1,49
499569945126144,105,"jack pine",8.1,50
499615469126144,95,"black spruce",5.2,39
499615470126144,95,"black spruce",5.3,38
499615472126144,95,"black spruce",3.7,26
499615473126144,71,"tamarack (native)",2.3,20
499615474126144,95,"black spruce",1.1,9
499615475126144,71,"tamarack (native)",1.5,15
499615477126144,95,"black spruce",1.9,14
499615478126144,95,"black spruce",3.4,22
499615479126144,95,"black spruce",1.1,10
499615480126144,95,"black spruce",1,10
499615481126144,95,"black spruce",1,9
499615482126144,95,"black spruce",2,19
499615483126144,95,"black spruce",2.2,17
499615485126144,95,"black spruce",5.3,38
499615486126144,95,"black spruce",2.4,16
499615487126144,95,"black spruce",1.2,10
499615488126144,95,"black spruce",1.1,9
499615489126144,95,"black spruce",1.1,9
499625603126144,94,"white spruce",6.7,37
499625604126144,316,"red maple",5.1,40
499625616126144,316,"red maple",2.8,34
499625617126144,95,"black spruce",7.2,49
499625618126144,95,"black spruce",6,36
499583532126144,12,"balsam fir",7.2,41
499583556126144,746,"quaking aspen",2.1,28
499583564126144,94,"white spruce",12.5,47
499583570126144,316,"red maple",7.1,54
499583582126144,746,"quaking aspen",5,43
499583583126144,746,"quaking aspen",6,43
499598646126144,12,"balsam fir",4,26
499598647126144,94,"white spruce",6.6,31
499598650126144,746,"quaking aspen",2.3,26
499598651126144,746,"quaking aspen",1.8,23
499598652126144,746,"quaking aspen",1.7,24
499598655126144,129,"eastern white pine",6.2,24
499598665126144,746,"quaking aspen",2.8,33
499598679126144,743,"bigtooth aspen",1.5,17
499598680126144,12,"balsam fir",5.3,24
499598681126144,12,"balsam fir",5,27
499598684126144,746,"quaking aspen",2.5,24
499598686126144,94,"white spruce",4,20
499598688126144,129,"eastern white pine",6.1,26
499598689126144,129,"eastern white pine",5.4,23
499572949126144,746,"quaking aspen",16.6,78
499572953126144,318,"sugar maple",5.2,37
499572955126144,12,"balsam fir",6.3,50
499572957126144,316,"red maple",6.9,53
499572958126144,12,"balsam fir",6.2,43
499572959126144,12,"balsam fir",2.8,19
499572960126144,316,"red maple",7.2,55
499572962126144,12,"balsam fir",5.9,48
499572963126144,316,"red maple",8.9,61
499572964126144,316,"red maple",7.2,52
499572966126144,316,"red maple",10.2,59
499572967126144,316,"red maple",5.8,50
499572970126144,316,"red maple",7.7,50
499572971126144,316,"red maple",6.6,48
499572972126144,316,"red maple",5.5,50
499572973126144,316,"red maple",5.7,53
499572974126144,12,"balsam fir",6.1,37
499572975126144,316,"red maple",5.5,40
499572976126144,12,"balsam fir",5.1,38
499572977126144,12,"balsam fir",6.2,40
499572978126144,12,"balsam fir",1.2,11
499572979126144,12,"balsam fir",1,9
499572981126144,12,"balsam fir",8,52
499572982126144,746,"quaking aspen",14.2,70
499572984126144,12,"balsam fir",6.5,50
499572986126144,746,"quaking aspen",15.2,72
499572987126144,746,"quaking aspen",12.7,71
499572988126144,316,"red maple",8,55
499572991126144,12,"balsam fir",5.2,35
499572992126144,12,"balsam fir",9.5,40
499572993126144,316,"red maple",10.6,62
499572994126144,316,"red maple",10.5,60
499572995126144,316,"red maple",5.5,43
499572996126144,316,"red maple",7.7,57
499572997126144,316,"red maple",6,51
499572998126144,316,"red maple",10.5,60
499572999126144,12,"balsam fir",8.8,62
499573000126144,12,"balsam fir",6.7,34
499573001126144,12,"balsam fir",5.7,33
499626252126144,95,"black spruce",3.3,27
499626253126144,95,"black spruce",1.2,7
499626254126144,95,"black spruce",2.3,16
499626255126144,95,"black spruce",1.5,12
499626256126144,95,"black spruce",2.7,23
499626257126144,95,"black spruce",1.1,9
499626258126144,95,"black spruce",1.2,14
499626259126144,95,"black spruce",3,25
499626260126144,95,"black spruce",2.5,19
499626261126144,95,"black spruce",1.9,17
499626262126144,95,"black spruce",2.2,15
499626263126144,95,"black spruce",1.6,15
499626264126144,95,"black spruce",2.4,19
499626265126144,95,"black spruce",3.8,27
499626266126144,95,"black spruce",1.4,9
499626267126144,95,"black spruce",3.2,22
499626268126144,95,"black spruce",2,12
499614636126144,95,"black spruce",10.7,51
499614637126144,95,"black spruce",9.7,51
499614639126144,95,"black spruce",9.9,50
499614640126144,95,"black spruce",9.6,50
499614641126144,95,"black spruce",9.7,53
499614642126144,95,"black spruce",7.9,43
499614643126144,95,"black spruce",9.8,58
499614644126144,95,"black spruce",8.7,48
499614645126144,12,"balsam fir",1.6,12
499614646126144,12,"balsam fir",1.2,8
499614648126144,12,"balsam fir",1.1,8
499614649126144,12,"balsam fir",1.2,10
499614650126144,95,"black spruce",13.1,61
499614651126144,95,"black spruce",13.1,65
499614652126144,95,"black spruce",7.4,47
499614653126144,95,"black spruce",10.3,56
499614654126144,241,"northern white-cedar",17,45
499614655126144,95,"black spruce",8.9,48
499614656126144,95,"black spruce",9.6,44
499614657126144,95,"black spruce",11.5,43
499614658126144,12,"balsam fir",1.8,12
499614659126144,12,"balsam fir",2,15
499614660126144,12,"balsam fir",1.6,11
499614661126144,95,"black spruce",11.8,54
499614663126144,95,"black spruce",15.1,63
499614664126144,12,"balsam fir",1.1,9
499614665126144,95,"black spruce",10.4,64
499614666126144,95,"black spruce",10.1,62
499614667126144,12,"balsam fir",5.9,28
499614668126144,12,"balsam fir",6.5,36
499614669126144,12,"balsam fir",5.1,28
499609400126144,12,"balsam fir",12.6,55
499609401126144,316,"red maple",6.8,46
499609403126144,746,"quaking aspen",4.4,52
499609404126144,375,"paper birch",4.2,40
499609405126144,746,"quaking aspen",1.8,28
499609406126144,316,"red maple",1.1,19
499609407126144,316,"red maple",1.6,25
499609408126144,316,"red maple",1.3,21
499609409126144,316,"red maple",1.2,20
499609410126144,316,"red maple",1.4,22
499609411126144,316,"red maple",1.2,21
499609412126144,316,"red maple",1.5,27
499609414126144,746,"quaking aspen",5.5,51
499609416126144,746,"quaking aspen",2.8,33
499609417126144,746,"quaking aspen",2.9,37
499609419126144,375,"paper birch",5.5,37
499609420126144,746,"quaking aspen",7.6,50
499609422126144,12,"balsam fir",6.2,25
499609423126144,12,"balsam fir",5.4,25
499609424126144,12,"balsam fir",5,36
499609425126144,746,"quaking aspen",5.1,34
499609426126144,375,"paper birch",1,17
499609427126144,375,"paper birch",1.6,21
499609428126144,375,"paper birch",1.1,16
499609429126144,375,"paper birch",2.7,27
499609430126144,746,"quaking aspen",3.1,32
499609431126144,746,"quaking aspen",3.8,38
499609432126144,746,"quaking aspen",2.3,28
499609434126144,746,"quaking aspen",1.4,18
499609437126144,746,"quaking aspen",1.3,16
499609438126144,356,"serviceberry spp.",1.1,16
499609441126144,746,"quaking aspen",5,44
499609442126144,746,"quaking aspen",5,44
499579388126144,129,"eastern white pine",13.5,65
499579392126144,125,"red pine",15.9,66
499625643126144,12,"balsam fir",5.7,40
499625645126144,12,"balsam fir",5.6,38
499625655126144,94,"white spruce",8.1,34
499625656126144,94,"white spruce",5.7,26
499625657126144,746,"quaking aspen",15.5,66
499625662126144,12,"balsam fir",7,39
499625663126144,316,"red maple",6.2,46
499625664126144,316,"red maple",5.6,45
499625665126144,316,"red maple",5,38
499625669126144,95,"black spruce",6.9,32
499572383126144,543,"black ash",12.4,45
499572386126144,371,"yellow birch",8.7,48
499572389126144,241,"northern white-cedar",9.3,34
499572391126144,371,"yellow birch",6.3,42
499572393126144,543,"black ash",1,16
499572396126144,543,"black ash",14.7,53
499572397126144,543,"black ash",6.1,34
499572398126144,543,"black ash",7.2,39
499572399126144,241,"northern white-cedar",11.7,40
499572400126144,543,"black ash",2.4,24
499572401126144,543,"black ash",3.1,25
499572402126144,543,"black ash",1.3,18
499572403126144,543,"black ash",2.2,25
499572404126144,241,"northern white-cedar",5.7,23
499572405126144,543,"black ash",5.5,45
499572406126144,12,"balsam fir",3.4,27
499572408126144,241,"northern white-cedar",10.8,33
499572412126144,12,"balsam fir",5.2,21
499572414126144,543,"black ash",8.8,37
499572417126144,543,"black ash",15.7,58
499572420126144,543,"black ash",7.4,40
499572422126144,543,"black ash",13.1,60
499572423126144,371,"yellow birch",2.8,28
499572424126144,371,"yellow birch",2.9,29
499572425126144,371,"yellow birch",2.3,28
499572426126144,543,"black ash",6.1,45
499572428126144,543,"black ash",5.7,42
499572429126144,371,"yellow birch",1.5,24
499572431126144,543,"black ash",6.8,32
499572432126144,543,"black ash",6.2,34
499572434126144,316,"red maple",6.5,33
499572435126144,371,"yellow birch",1.9,16
499572436126144,371,"yellow birch",1.7,16
499572439126144,543,"black ash",5,35
499572440126144,371,"yellow birch",1.2,16
499555322126144,71,"tamarack (native)",7.5,54
499555327126144,71,"tamarack (native)",7.5,65
499555329126144,71,"tamarack (native)",6.3,46
499555331126144,71,"tamarack (native)",7.9,66
499555332126144,71,"tamarack (native)",7.3,63
499555336126144,71,"tamarack (native)",5.6,58
499555341126144,71,"tamarack (native)",7.7,61
499555342126144,71,"tamarack (native)",9.3,62
499555343126144,71,"tamarack (native)",9.3,61
499555344126144,71,"tamarack (native)",8.4,57
499555347126144,71,"tamarack (native)",8.2,64
499555348126144,543,"black ash",5.6,42
499555349126144,71,"tamarack (native)",8.5,65
499555351126144,543,"black ash",1.8,18
499555352126144,543,"black ash",1.9,23
499555353126144,543,"black ash",1.7,24
499555354126144,543,"black ash",2.5,27
499555355126144,543,"black ash",1,16
499555357126144,71,"tamarack (native)",9.4,65
499555358126144,71,"tamarack (native)",6.6,52
499555360126144,71,"tamarack (native)",8.4,68
499555361126144,71,"tamarack (native)",9.7,65
499555362126144,71,"tamarack (native)",11.5,70
499555366126144,71,"tamarack (native)",8.9,70
499555368126144,375,"paper birch",1.5,18
499555370126144,71,"tamarack (native)",7.8,53
499555373126144,71,"tamarack (native)",10,65
499555376126144,71,"tamarack (native)",8.4,55
499555377126144,71,"tamarack (native)",8.2,38
499555379126144,71,"tamarack (native)",12.3,63
499555380126144,71,"tamarack (native)",8.4,59
499605339126144,746,"quaking aspen",4.2,37
499605340126144,746,"quaking aspen",3.5,37
499605342126144,746,"quaking aspen",1.2,18
499605343126144,746,"quaking aspen",3.4,35
499605345126144,746,"quaking aspen",2.7,33
499605346126144,746,"quaking aspen",1.2,19
499605347126144,746,"quaking aspen",3.2,34
499605349126144,746,"quaking aspen",2.7,34
499605350126144,746,"quaking aspen",1.3,17
499605352126144,746,"quaking aspen",5.7,45
499605353126144,746,"quaking aspen",1.5,17
499605354126144,746,"quaking aspen",2.6,24
499605355126144,746,"quaking aspen",2.6,29
499605356126144,746,"quaking aspen",2.2,21
499605357126144,746,"quaking aspen",2.2,22
499605358126144,746,"quaking aspen",3.3,34
499605359126144,746,"quaking aspen",1.9,29
499605361126144,746,"quaking aspen",2.1,21
499605362126144,375,"paper birch",8.1,46
499605363126144,316,"red maple",2.9,26
499605364126144,746,"quaking aspen",3.7,35
499605365126144,746,"quaking aspen",3.6,34
499605366126144,94,"white spruce",2.3,15
499605368126144,12,"balsam fir",1.5,13
499605369126144,12,"balsam fir",1,10
499605370126144,746,"quaking aspen",3.3,26
499605371126144,746,"quaking aspen",3.1,26
499605372126144,746,"quaking aspen",2.4,19
499605373126144,746,"quaking aspen",3.4,25
499605374126144,746,"quaking aspen",1,13
499589456126144,746,"quaking aspen",6.2,43
499589458126144,375,"paper birch",2.2,29
499589459126144,746,"quaking aspen",2.9,34
499589460126144,746,"quaking aspen",3,37
499589461126144,746,"quaking aspen",1.7,25
499589463126144,375,"paper birch",1.5,23
499589464126144,375,"paper birch",1.3,27
499589465126144,375,"paper birch",1.3,21
499589466126144,375,"paper birch",1.1,20
499589467126144,746,"quaking aspen",6.1,52
499589469126144,746,"quaking aspen",5.1,55
499589470126144,746,"quaking aspen",6.7,55
499589479126144,746,"quaking aspen",4.3,44
499589480126144,746,"quaking aspen",5,44
499589484126144,375,"paper birch",3.7,37
499589485126144,375,"paper birch",2.1,27
499589486126144,746,"quaking aspen",1.7,22
499589487126144,746,"quaking aspen",6.5,49
499589492126144,746,"quaking aspen",2.7,39
499589493126144,746,"quaking aspen",3.5,42
499589494126144,746,"quaking aspen",2.7,29
499589496126144,746,"quaking aspen",3.1,34
499566755126144,543,"black ash",10.4,56
499566757126144,543,"black ash",8.5,58
499566766126144,543,"black ash",6.6,57
499566768126144,543,"black ash",3.1,33
499566770126144,543,"black ash",5.2,47
499566772126144,543,"black ash",5.5,42
499566773126144,543,"black ash",10.3,60
499566774126144,543,"black ash",10.5,62
499566788126144,241,"northern white-cedar",10,41
499566789126144,543,"black ash",6.8,45
499566793126144,12,"balsam fir",6,38
499566794126144,543,"black ash",7.3,58
499566796126144,543,"black ash",6.5,45
499566803126144,543,"black ash",11.8,60
499566806126144,543,"black ash",4.9,45
499566807126144,543,"black ash",5.3,38
499617764126144,71,"tamarack (native)",7.7,53
499617765126144,71,"tamarack (native)",10.1,61
499617768126144,71,"tamarack (native)",7.3,57
499617772126144,71,"tamarack (native)",12.3,48
499617774126144,71,"tamarack (native)",1.1,17
499617775126144,71,"tamarack (native)",2.1,25
499617776126144,71,"tamarack (native)",12.5,64
499617782126144,71,"tamarack (native)",9.3,70
499617787126144,95,"black spruce",5.9,41
499617788126144,95,"black spruce",5.8,47
499617794126144,71,"tamarack (native)",9.7,63
499617795126144,95,"black spruce",6,50
499617798126144,71,"tamarack (native)",10.7,70